id,first_name,last_name,email,gender,ip_address,street,number,zipcode
1001,Stephana,Moakes,mdzenisenka0@jalbum.net,M,202.181.82.230,Kenwood,134,1558
1002,Ingra,Zaple,cradnage1@devhub.com,F,174.198.33.87,Becker,60,9610
1003,Lorena,Rohmer,kgleadle2@fda.gov,M,143.104.137.182,Buena Vista,35,9114
1004,Yance,Hamlyn,fzukerman3@nyu.edu,M,180.61.108.205,Mosinee,24,9223
1005,Marleen,Bubb,btitta4@webmd.com,F,207.162.101.219,Welch,142,5768
1006,Nicolina,Penni,csteaning5@google.ca,F,108.26.200.123,Nelson,127,5028
1007,Cathlene,Popov,jmedhurst6@google.es,F,146.8.248.191,Spohn,101,3509
1008,Ernestine,McCall,astolberger7@soundcloud.com,M,2.7.102.255,Hovde,139,3711
1009,Keri,Bende,cdownage8@macromedia.com,F,2.172.113.215,Glacier Hill,77,4541
1010,Sybil,Cords,mblissett9@newyorker.com,F,103.109.40.188,Mallory,94,9854
1011,Flynn,Giroldo,eborlessa@senate.gov,F,96.180.126.224,Gerald,82,5719
1012,Kate,Wardall,ogermanb@blogspot.com,M,21.231.187.200,Sundown,65,5272
1013,Roberto,Maulin,nmarfellc@reverbnation.com,M,180.135.227.163,Red Cloud,8,4682
1014,Susana,Crawshaw,rwilcotd@webs.com,M,0.247.13.176,Butterfield,5,7997
1015,Joan,Denziloe,afallene@storify.com,F,85.48.192.216,Summer Ridge,141,1896
1016,Peter,Jean,hklauberf@gov.uk,F,186.178.193.47,Warbler,70,4889
1017,Sibelle,Van de Velde,swhitesideg@engadget.com,M,20.129.97.99,Anderson,37,9715
1018,Maegan,Tulleth,rcatfordh@aol.com,M,183.46.53.1,Troy,22,1670
1019,Donny,Please,pnoviki@alibaba.com,F,169.116.53.144,Bellgrove,125,4085
1020,Elnar,Pettegree,hvindenj@techcrunch.com,M,160.79.178.95,Dahle,64,1196
1021,Josey,Eves,kewingtonk@shop-pro.jp,F,85.187.136.59,Schlimgen,144,6615
1022,Dominga,Caig,abessoml@sun.com,M,4.27.124.74,Golf View,8,4839
1023,Malinde,Brooker,hparadinem@issuu.com,M,138.215.112.98,Lighthouse Bay,73,9361
1024,Daria,Bennetto,fhaddonn@yandex.ru,F,24.138.154.228,Boyd,121,3029
1025,Mariya,Selesnick,rmattheisseno@blogger.com,M,150.66.128.27,Johnson,97,5778
1026,Zebulen,Morby,lcrebottp@free.fr,F,153.118.133.16,Harbort,97,3598
1027,Adlai,Downs,recclesallq@godaddy.com,M,16.222.243.158,Michigan,39,8113
1028,Bernardo,Cranmer,gpenricer@blogtalkradio.com,F,11.107.149.110,Myrtle,55,4974
1029,Ardys,Robken,brolls@1688.com,F,125.255.251.253,Larry,36,8563
1030,Eldredge,Begbie,mderisleyt@msn.com,F,80.49.64.88,Sugar,108,6587
1031,Mason,Roger,pankrettu@sun.com,F,168.93.56.181,Main,121,5986
1032,Veronica,Stratton,tlindstedtv@tinypic.com,F,33.34.12.153,Crescent Oaks,2,3235
1033,Sayer,Crosland,asharvellw@businessweek.com,F,138.180.96.222,Nancy,137,2090
1034,Ginnie,Deaton,wfreegardx@forbes.com,F,129.194.93.190,Northview,43,9316
1035,Kareem,Ferronet,cspurriary@trellian.com,M,157.105.217.222,Melrose,77,9946
1036,Virginie,Younie,zmechiz@arizona.edu,F,97.3.35.8,Loeprich,101,1688
1037,Lodovico,Pund,mspilsburie10@alexa.com,M,194.150.123.131,Reinke,115,9515
1038,Halsey,Elkington,tclowser11@state.gov,F,200.178.98.206,Helena,138,8134
1039,Chane,Pennington,etwaits12@google.it,F,27.56.115.11,La Follette,40,9379
1040,Sunny,Cello,asavins13@twitpic.com,M,216.125.94.196,Arapahoe,76,5414
1041,Camella,Pilpovic,wilewicz14@google.com,F,133.119.29.59,Little Fleur,24,3626
1042,Joli,Leroux,mmcmorland15@theatlantic.com,M,249.35.103.31,Grim,57,9958
1043,Duffie,O'Kennavain,lgiamuzzo16@nsw.gov.au,M,120.136.164.44,Superior,84,2031
1044,Lazar,Hentze,gfardoe17@flavors.me,F,77.8.131.185,Everett,105,4344
1045,Reyna,Remer,mhaslehurst18@lycos.com,F,151.165.149.206,Valley Edge,64,2977
1046,Natividad,Rawet,emillhouse19@a8.net,F,243.69.106.25,Northport,19,8982
1047,Wainwright,Kacheler,cesby1a@hubpages.com,M,15.142.121.148,Mesta,107,8739
1048,Krystalle,Hourigan,hlosseljong1b@about.me,M,159.123.163.196,Burrows,119,3124
1049,Lolita,Grave,mgodmar1c@mediafire.com,F,102.116.228.7,Brown,14,8594
1050,Antonia,Yakunin,cgresley1d@comsenz.com,F,216.253.20.56,Declaration,21,1602
1051,Michaela,Scrammage,bfumagalli1e@elpais.com,F,110.239.132.180,Pepper Wood,91,8397
1052,Annnora,McClelland,rpardi1f@unblog.fr,M,62.241.25.171,Buell,123,5415
1053,Kipper,Josh,inangle1g@wikispaces.com,F,88.58.239.225,Welch,109,3224
1054,Hazlett,Lundbech,lbohlsen1h@vistaprint.com,F,165.187.183.129,Lerdahl,78,1536
1055,Bendick,Rivalant,wales1i@studiopress.com,F,53.8.187.200,Shasta,89,6077
1056,Jordain,Potebury,edeakan1j@eventbrite.com,F,151.156.38.33,Di Loreto,134,1681
1057,Marijo,Sandeford,gmacginney1k@mac.com,M,127.102.240.9,Canary,74,4765
1058,Garold,Slade,qstracey1l@japanpost.jp,M,195.190.174.133,Troy,125,9727
1059,Christa,Kiehne,mgoldhawk1m@latimes.com,F,2.233.165.21,Crest Line,149,1670
1060,Cullin,Capaldi,rblewmen1n@guardian.co.uk,M,121.45.80.11,Mosinee,95,9257
1061,Murvyn,Renison,dniche1o@sitemeter.com,M,104.146.123.35,Del Sol,66,3949
1062,Avrom,Gratton,lantoniazzi1p@wix.com,F,158.110.15.112,East,109,3680
1063,Hagen,Juggins,cgaenor1q@privacy.gov.au,M,101.127.129.40,Evergreen,23,4307
1064,Mabel,Greer,cchappell1r@japanpost.jp,M,105.184.158.165,Gulseth,8,5561
1065,Will,Gammade,otilley1s@arizona.edu,M,155.231.100.71,Glacier Hill,95,6976
1066,Wells,Constant,poconnell1t@admin.ch,F,18.251.168.14,Toban,146,4348
1067,Budd,Sauven,cwooffitt1u@cafepress.com,M,29.179.78.158,Portage,149,4791
1068,Bernie,Bleckly,kdrewett1v@craigslist.org,M,205.10.3.58,Roth,33,9381
1069,Con,Beckinsall,droland1w@nationalgeographic.com,M,78.187.93.249,Victoria,144,9826
1070,Hewet,Medling,daskey1x@wiley.com,M,141.167.45.235,8th,61,4681
1071,Lucina,Moughton,nshelliday1y@mysql.com,F,172.187.155.72,Myrtle,34,4524
1072,Joana,Schuelcke,nvarley1z@ihg.com,M,41.2.100.41,Montana,55,9609
1073,Donella,Coveney,ajickells20@marketwatch.com,F,75.174.142.204,Pond,8,2375
1074,Christyna,Gipps,hwarbey21@dagondesign.com,M,31.25.39.169,Elka,130,1719
1075,Baxter,Mugleston,amerrill22@dyndns.org,M,237.87.8.5,Badeau,115,4501
1076,Melody,Pownall,tligertwood23@blog.com,M,47.105.211.211,Manufacturers,41,4243
1077,Noam,Giannoni,cquantick24@independent.co.uk,M,24.88.188.155,Bayside,133,2562
1078,Humfrid,Musgrove,gflood25@craigslist.org,F,212.131.137.228,Stephen,70,8793
1079,Gerald,Kunrad,dmalmar26@wikia.com,M,20.143.249.244,Bluejay,119,2908
1080,Lazaro,Mattioli,wmcdonell27@meetup.com,M,230.113.51.102,Express,109,4920
1081,Dalton,Kornel,lwhaley28@nyu.edu,M,208.7.89.157,Crowley,106,7616
1082,Karlens,Lisett,mblundin29@businessweek.com,M,203.132.122.100,Russell,70,5178
1083,Nicky,Matteuzzi,habbyss2a@drupal.org,F,212.245.238.12,Stephen,3,6756
1084,Joella,Twiggins,mwoodus2b@t-online.de,F,128.212.133.24,Atwood,132,9690
1085,Olivier,Bache,jdowbiggin2c@scribd.com,F,30.63.74.76,Jenna,18,6541
1086,Kass,O'Conor,rgostage2d@squarespace.com,M,231.223.250.22,Cherokee,140,9981
1087,Nicolas,Chinge de Hals,nburgett2e@ifeng.com,F,202.242.166.86,Village,47,8327
1088,Iorgo,Aberkirder,biacovini2f@state.gov,M,7.16.27.74,Dunning,147,5334
1089,Goraud,MacGillivrie,mhonsch2g@uiuc.edu,F,161.34.11.39,Huxley,41,5578
1090,Sheffield,Junkinson,egreenstock2h@ifeng.com,M,234.167.193.130,Northwestern,36,2057
1091,Burton,Stanwix,wricardo2i@upenn.edu,F,38.112.203.118,Menomonie,126,2866
1092,Eleanore,Gowdridge,cshowt2j@usda.gov,M,79.239.105.212,Mitchell,26,3757
1093,Esmeralda,Carding,gcrosston2k@symantec.com,F,21.64.86.60,Bluestem,28,5044
1094,Tann,Donhardt,spien2l@imgur.com,M,54.46.98.103,Fulton,127,6923
1095,Rolf,Tromans,zpozer2m@soundcloud.com,F,100.45.173.16,Evergreen,122,4044
1096,Melodie,Reddel,mcolbron2n@marriott.com,M,224.110.68.101,Red Cloud,89,3284
1097,Horatius,Cleiment,dvedstra2o@goodreads.com,M,247.176.26.239,Canary,90,9779
1098,Lloyd,Moloney,aflipsen2p@a8.net,F,165.106.161.238,Clove,25,3130
1099,Allin,Rollingson,kgallgher2q@ca.gov,M,193.241.136.128,Harper,95,6799
1100,Clim,Aysh,hivanov2r@omniture.com,M,165.93.136.46,Dovetail,95,9747
1101,Melessa,Schaffel,ycolloby2s@jimdo.com,M,137.40.201.137,Mosinee,72,2634
1102,Addi,Rouchy,pdunstall2t@hexun.com,M,96.88.195.102,Clemons,136,3647
1103,Nolan,Wisden,lwinwood2u@networkadvertising.org,F,134.34.148.223,Fordem,130,4122
1104,Leila,Kleinbaum,hsimonnot2v@privacy.gov.au,M,142.117.141.5,Maryland,147,8389
1105,Anestassia,Marsh,lpittoli2w@rediff.com,M,95.27.184.202,Express,97,8863
1106,Talbert,Jelliman,bcalleja2x@networkadvertising.org,M,104.164.245.23,Rutledge,7,2764
1107,Chandra,Iceton,jlethlay2y@chron.com,M,246.38.175.53,Columbus,125,9287
1108,Lemmy,Winspar,kbaldery2z@smh.com.au,M,91.193.102.245,Westridge,53,4861
1109,Luke,Gorey,gshave30@toplist.cz,F,192.210.179.197,Vahlen,27,7510
1110,Jorry,Basset,mdericut31@geocities.com,F,218.72.144.78,Crownhardt,131,6000
1111,Jeramey,Pottle,rheinel32@bandcamp.com,M,23.129.11.207,Truax,126,8531
1112,Dacey,Breffitt,edraper33@hexun.com,M,27.77.208.146,Butterfield,144,8681
1113,Gordy,Brownrigg,pglanvill34@ox.ac.uk,M,92.242.7.11,Bluejay,8,7292
1114,Monro,Myring,dcarde35@cbc.ca,F,244.79.84.35,Calypso,73,7223
1115,Evaleen,Mongenot,ltildesley36@ifeng.com,F,22.96.244.46,Oxford,145,3829
1116,Hans,Halsey,cyakuntsov37@guardian.co.uk,F,245.31.86.220,Tennessee,99,8936
1117,Madison,Hercock,apetru38@who.int,M,131.197.219.90,Parkside,144,5110
1118,Carmel,Cecchi,lhowsden39@blogtalkradio.com,M,212.175.164.50,Jackson,91,9414
1119,Faye,Greves,gcoad3a@barnesandnoble.com,M,92.197.235.178,Hoffman,2,5047
1120,Gibbie,Turmel,ehanway3b@reference.com,M,248.16.132.32,Elmside,146,9115
1121,Floyd,Horry,rcussons3c@ucla.edu,F,154.192.49.51,David,81,4106
1122,Renell,Bonallick,qadderson3d@businessinsider.com,F,171.92.20.209,Beilfuss,63,4377
1123,Guido,Kilford,lchasteney3e@squidoo.com,M,245.138.76.30,Rowland,56,3380
1124,Lyell,MacGorley,aleverage3f@taobao.com,M,121.78.254.215,Bartillon,93,3359
1125,Olin,Croster,cocurrigan3g@discuz.net,M,229.25.77.160,Holy Cross,37,2077
1126,Judye,Aldersey,jjacobsohn3h@cbsnews.com,F,78.66.238.103,Nobel,31,3249
1127,Conney,Heskins,jmaidment3i@imageshack.us,M,245.168.225.179,Westridge,79,7986
1128,Angie,Padley,ctullot3j@elegantthemes.com,F,193.163.131.18,Mayfield,122,1599
1129,Christye,Laurenson,kgreader3k@salon.com,M,129.145.8.198,Lake View,27,7684
1130,Pietra,Perford,ispandley3l@walmart.com,F,223.122.60.203,Schmedeman,105,2660
1131,Darbee,Kubala,zshillam3m@macromedia.com,F,244.22.134.181,Portage,60,6605
1132,Mel,Stabler,ngrece3n@washington.edu,F,30.249.8.155,Toban,54,4303
1133,Tudor,Maffioletti,cpettegre3o@quantcast.com,M,15.120.169.126,Jenna,138,9793
1134,Esma,Weddell,nfeltoe3p@nymag.com,F,35.68.225.128,Merchant,15,8177
1135,Sileas,Rosenblum,jlanaway3q@hostgator.com,F,98.237.129.125,Crest Line,17,1932
1136,Lawton,Spiniello,mbeney3r@redcross.org,F,2.192.158.84,Quincy,127,7277
1137,Currey,Ansell,hgounot3s@liveinternet.ru,F,34.201.80.52,Springview,104,8236
1138,Ilse,Dibley,gposselwhite3t@list-manage.com,M,162.178.23.74,Acker,49,4470
1139,Georgetta,Asipenko,cbarnish3u@friendfeed.com,F,249.139.89.89,Harbort,23,3308
1140,Kort,Wateridge,creddle3v@w3.org,M,158.119.84.230,Comanche,45,7660
1141,Tybi,Ryves,vdrinkwater3w@ezinearticles.com,M,39.12.65.70,Prentice,116,3799
1142,Ross,Spire,eyallop3x@noaa.gov,M,56.73.136.161,Dovetail,112,3502
1143,Fleurette,Sothcott,aengledow3y@ehow.com,F,226.87.13.250,Starling,74,7450
1144,Joelie,Figgs,mbreeds3z@google.co.uk,F,120.139.81.188,Kinsman,10,1503
1145,Zonda,Danko,hgoodday40@netvibes.com,M,233.84.17.197,Ilene,38,5309
1146,Vera,Pablos,jmahon41@mayoclinic.com,F,56.95.45.49,Weeping Birch,61,9024
1147,Reggis,Clampin,vkneel42@typepad.com,M,150.205.83.54,Talisman,20,6885
1148,Darcy,Hegge,rhouliston43@exblog.jp,F,45.167.170.251,Bonner,140,3503
1149,Marie,Pryor,bburkart44@nba.com,M,15.41.238.241,Oriole,21,9612
1150,Portia,Sherreard,nshippard45@about.me,F,117.1.90.9,Bartillon,41,3831
1151,Terri,Segar,dcatmull46@wordpress.com,F,92.28.118.32,Prairie Rose,136,9801
1152,Grenville,Brunon,jetter47@netlog.com,F,110.46.82.131,Birchwood,140,4231
1153,Tresa,Roots,qbuttery48@webnode.com,M,156.56.163.149,Corben,15,9589
1154,Mathian,Lummus,ldelacoste49@tumblr.com,F,202.82.145.71,Melrose,90,9637
1155,Lewie,Gloyens,clusk4a@howstuffworks.com,F,50.88.60.220,Hanover,79,5298
1156,Evan,Rishman,dmactrustey4b@infoseek.co.jp,F,89.211.120.82,Dorton,20,7341
1157,Marti,Rabley,meastbury4c@tripod.com,F,131.223.253.140,Norway Maple,1,7061
1158,Traci,Broxup,hcaughtry4d@live.com,F,33.126.35.225,Anthes,108,1950
1159,Kassandra,Gyford,jpelerin4e@dmoz.org,F,221.237.2.85,Main,21,6098
1160,Clerkclaude,Adamovitz,cpretley4f@latimes.com,M,225.78.236.163,Harper,60,7564
1161,Stefan,Dmiterko,jhackworth4g@rakuten.co.jp,F,204.205.238.17,Charing Cross,139,6712
1162,Kermie,Scorey,rhaslewood4h@sphinn.com,M,199.31.217.159,Fieldstone,75,3268
1163,Sallee,Jurgenson,mladley4i@xrea.com,M,130.228.25.128,Bowman,57,3819
1164,Emile,Giorgeschi,pebben4j@istockphoto.com,F,172.224.40.52,Nova,111,2002
1165,Nadeen,Rubens,hschruurs4k@over-blog.com,M,0.146.63.211,Mayer,46,1766
1166,Rene,Halwell,salu4l@google.ca,M,64.19.58.64,Daystar,114,4070
1167,Lorrin,Camamile,lphlipon4m@cnn.com,M,22.38.247.69,Cherokee,124,5056
1168,Shannon,Torritti,debertz4n@woothemes.com,M,21.226.153.173,Toban,142,8343
1169,Valina,Pischoff,mneumann4o@foxnews.com,M,165.24.246.246,Arapahoe,16,5289
1170,Camile,Elph,dstrickland4p@pinterest.com,M,126.10.110.3,Vermont,8,9833
1171,Laurianne,Kneeland,sgomersal4q@hp.com,F,176.25.161.68,Del Mar,5,7180
1172,Israel,Benbough,planfranconi4r@i2i.jp,M,134.208.47.233,Nelson,30,2031
1173,Shayne,Gauden,msimmig4s@sohu.com,F,128.4.26.209,Eagle Crest,62,5909
1174,Lonnard,Di Baudi,hayshford4t@nydailynews.com,M,111.39.84.218,Marquette,124,2291
1175,Adan,Auld,rsullens4u@flickr.com,F,121.140.47.71,Twin Pines,102,3327
1176,Linet,Webb,chussy4v@vk.com,M,158.229.188.179,Aberg,94,1252
1177,Paolo,Douberday,cclutterbuck4w@eepurl.com,F,75.204.105.32,7th,139,1768
1178,Diena,Kubalek,nkeyser4x@jimdo.com,M,109.139.228.55,Elka,122,9548
1179,Abdel,Page,sliddard4y@psu.edu,F,122.52.201.111,Delladonna,107,4583
1180,Dewitt,Southerton,agrinin4z@apache.org,F,196.26.215.41,Heath,56,1934
1181,Bobbie,Wreford,bbrotherwood50@tmall.com,M,149.127.31.146,Anderson,97,9201
1182,Leonie,Blondel,efaulconbridge51@vimeo.com,F,85.45.37.81,Union,140,1865
1183,Marchall,Foat,bbransgrove52@trellian.com,F,94.104.125.216,Mayer,43,2765
1184,Franzen,Sofe,kodyvoy53@nhs.uk,F,87.73.229.27,Debs,79,2868
1185,Haslett,Varfolomeev,ktippings54@google.it,F,49.68.28.2,Onsgard,57,7997
1186,Estell,Heather,ccrust55@tripadvisor.com,M,130.141.139.190,School,111,2679
1187,Nanice,Daffey,tlissemore56@miitbeian.gov.cn,F,21.165.59.85,Basil,10,5534
1188,Chan,Cossey,kgurwood57@ucsd.edu,F,36.217.243.157,Scott,125,1947
1189,Shem,Raffeorty,bkaine58@opensource.org,F,148.32.227.99,Di Loreto,84,6190
1190,Leola,Catanheira,bfarmer59@exblog.jp,M,106.145.100.102,Anhalt,27,9411
1191,Kalinda,Clere,gnote5a@constantcontact.com,M,67.162.186.121,Susan,128,5560
1192,Wileen,Raccio,dgaler5b@g.co,M,11.67.77.42,Menomonie,1,9224
1193,Bianca,Hammerberg,ncombes5c@weather.com,F,118.53.12.217,Maywood,33,4926
1194,Claudia,Collum,mpegden5d@google.ru,F,236.237.87.122,Fallview,145,6802
1195,Rich,Fiddy,mcristofor5e@sbwire.com,F,7.238.238.63,Del Sol,71,6606
1196,Tatiana,O'Doireidh,jtuvey5f@wikia.com,M,177.69.242.87,Prairie Rose,150,4167
1197,Ollie,Mokes,pasgodby5g@foxnews.com,F,142.114.71.73,Knutson,17,4692
1198,Terrill,Seathwright,dheinemann5h@tamu.edu,F,74.17.167.216,Shelley,141,4342
1199,Monroe,Zellner,bloukes5i@linkedin.com,F,7.19.249.86,Forest,113,7433
1200,Chase,Pallent,cfrank5j@nsw.gov.au,F,203.10.5.191,Cottonwood,69,6532
